speaker,issueSum,positionSum,argSum,propSum,report
Ylva Johansson,The key issue raised by the speaker relates to the EU's strategy for legal migration and attracting highly skilled workers through the revised Blue Card Directive.,"She strongly supported the revised Blue Card Directive as part of a broader legal migration strategy, emphasizing its role in enhancing Europe's competitiveness and providing opportunities for third-country workers.","Her support is based on the directive's potential to address skills shortages, foster economic growth, and offer legal pathways for migration while highlighting Europe's cultural and historical appeal.","She outlined additional initiatives, including a skills and talent package, revision of long-term residence directives, an EU talent pool platform, and a high-level resettlement forum focused on women from Afghanistan.",debate_12_claude_structured
Nicola DANTI,"The rise and normalization of right-wing extremism and racism in Europe, particularly following violent far-right attacks in Rome, and the need for urgent action to address its threat to democratic values and social cohesion.","Nicola Danti emphasized the necessity of a strong, unified stance against violence and advocated for addressing the root causes of extremism through educational and cultural initiatives.","He argued that tackling the root causes of extremism requires educational efforts and support for youth, alongside fostering cultural memory to prevent the normalization of violent ideologies.","Nicola Danti proposed educational initiatives and support for youth, alongside cultural memory programs, to address the underlying factors contributing to right-wing extremism.",debate_14_gpt-4.1_structured
Yannick JADOT,"The EU-Mercosur trade agreement and its impact on climate and biodiversity, particularly deforestation in the Amazon.","Strongly opposed the EU-Mercosur trade agreement, arguing it would exacerbate deforestation and increase greenhouse gas emissions.","Cited that since 2000, 5.5 times the surface area of Portugal has been deforested in the Amazon, highlighting the environmental destruction linked to the trade agreement.",,debate_13_claude_structured
Dorien ROOKMAKER,,,,,debate_13_phi4_structured_hierarchical
Niels FUGLSANG,"The ethical issue of killing day-old male chicks and female ducklings in the EU, particularly highlighting the moral implications and the availability of technological alternatives.","Niels Fuglsang firmly opposes the practice, advocating for a European-level ban on the killing of day-old chicks and ducklings.","He argues that cultural and economic justifications are invalid due to the availability of cost-effective pre-hatch gender determination technology, which eliminates the need for culling.","Fuglsang proposes a European-level ban on the killing of day-old male chicks and female ducklings, emphasizing the need for immediate legislative action.",debate_16_gpt-4.1_structured_prompt
Diana RIBA I GINER,"Diana Riba i Giner highlighted the need for Europe to address police violence, emphasizing that many abuses have racist motivations and systemic issues requiring EU-level action.","She advocated for the EU to recognize the necessity of monitoring police conduct, ensuring accountability, and ending police violence to protect citizens' rights and freedoms.",Her arguments focused on the urgency of addressing systemic racism and police misconduct through structured oversight to safeguard democratic values and prevent further abuses.,"She called for the EU to implement measures to monitor police behavior, establish accountability mechanisms, and combat racist motivations underlying police violence.",debate_19_claude_structured_prompt
Nicola DANTI,,,,,debate_14_claude_structured
Niels FUGLSANG,"The ethical justification of killing day-old male chicks and female ducklings in the EU, questioning the EU's values and ethical standards.","Condemned the practice as ethically unjustifiable and incompatible with European values, highlighting the moral inconsistency of such actions.","Argued that the practice reflects poorly on European values and ethical standards, suggesting it undermines the EU's commitment to animal welfare and moral integrity.",,debate_16_claude_structured_hierarchical
Silvia MODIG,,,,,debate_18_gpt-4.1_structured
Asim ADEMOV,,,,,debate_11_claude_structured_prompt
Thomas WAITZ,,,,,debate_11_phi4_structured_hierarchical
Carmen AVRAM,,,,,debate_16_phi4_structured_hierarchical
Nicola PROCACCINI,,,,,debate_13_claude_structured
Dita CHARANZOVÁ,,,,,debate_15_phi4_structured_hierarchical
Anna DEPARNAY-GRUNENBERG,The key issue raised by the speaker relates to the need for strict protection and restoration of primary and old-growth forests against destructive practices like clear-cutting and industrial monocultures.,"The speaker advocates for science-based, legally enforceable measures to end clear-cutting, industrial monocultures, and the misconception that burning wood is climate neutral. They emphasize the need for strict reserves and restoration of primary and old-growth forests as central to the EU Forest Strategy.","The speaker's arguments are grounded in the necessity of protecting forests through legally binding measures, highlighting the ecological importance of primary and old-growth forests and rejecting practices that prioritize economic interests over environmental integrity.","The speaker proposes ending clear-cutting, industrial monocultures, and establishing strict reserves to restore primary and old-growth forests, advocating for a science-driven approach to forest protection.",debate_11_gpt-4.1_structured_hierarchical
David Maria SASSOLI,,,,,debate_13_phi4_structured
Danuta Maria HÜBNER,The need for an ambitious review of the EU's Crisis Management and Deposit Insurance framework to strengthen financial stability.,Advocates for a thorough review of the EU's crisis management and deposit insurance framework while warning against politically motivated weakening of prudential rules and safeguards.,Emphasizes the importance of maintaining strict prudential rules to prevent regulatory erosion that could compromise financial stability.,Calls for an ambitious review of the EU's Crisis Management and Deposit Insurance framework to ensure robust financial safeguards.,debate_10_claude_structured_prompt
Thomas WAITZ,,,,,debate_11_claude_structured
Assita KANKO,,,,,debate_19_gpt-4.1_structured
Lars Patrick BERG,,,,,debate_19_phi4_structured_hierarchical
Nicolas BAY,"Digital sovereignty, censorship, and regulation",Raised concerns about the risks of internet censorship and restrictions on digital freedoms,Cautioned against an increased risk of Internet censorship and restrictions on digital freedoms,,debate_13_gpt-4.1_structured_prompt
Tatjana ŽDANOKA,The exclusion of asylum seekers from the revised Blue Card Directive,Supported the general approach of the revised Blue Card Directive but called for more ambitious policies,Argued that the current directive's scope was insufficient and failed to address the needs of asylum seekers,Called for the inclusion of asylum seekers in the Blue Card framework,debate_12_gpt-4.1_structured
Ewa KOPACZ,,,,,debate_17_phi4_structured_prompt
Dino GIARRUSSO,The issue of fair taxation for tech giants and their compliance with Europe's social model.,Dino Giarrusso supported the need for tech companies to pay their fair share of taxes and adhere to Europe's social model.,"His argument focused on ensuring tech giants contribute equitably to the social model, aligning with broader calls for corporate accountability.",He advocated for enforcing fair taxation of tech companies to ensure compliance with European social and economic standards.,debate_15_gpt-4.1_structured_hierarchical
Daniela RONDINELLI,,,,,debate_11_phi4_structured
Enikő GYŐRI,"The speaker raised concerns about the biased framing of the debate, emphasizing the need for balanced scrutiny of all forms of extremism rather than focusing exclusively on right-wing groups.","Advocated for a level playing field in addressing extremism, urging equal condemnation of violence from both the right and the left, and criticized the debate as selectively biased.","Argued that the debate's narrow focus on right-wing extremism ignored instances of left-wing violence, citing a need for impartial analysis and avoiding ideological bias in parliamentary discourse.","Proposed that the European Parliament apply a balanced approach to extremism, ensuring equal scrutiny of all political ideologies and rejecting what she described as the unfair stigmatization of right-wing groups.",debate_14_gpt-4.1_structured_prompt
Claude GRUFFAT,,,,,debate_10_claude_structured_prompt
Patryk JAKI,The issue raised by the speaker relates to perceived double standards in the EU's scrutiny of police abuse cases across Western and Eastern Member States.,He argues for equal treatment and non-selective scrutiny of all EU Member States regarding police brutality allegations.,"He contends that the EU and Western governments apply inconsistent standards, focusing more on certain regions while ignoring others, which undermines fairness and credibility.",He calls for equal treatment and scrutiny of Western and Eastern Member States in addressing police abuse cases.,debate_19_gpt-4.1_structured_hierarchical
Waldemar TOMASZEWSKI,,,,,debate_11_gpt-4.1_structured_hierarchical
Carlos ZORRINHO,,,,,debate_13_gpt-4.1_structured_hierarchical
